ID,Condition,Duration_minutes,psychdist,affect_change,WC
1,0,401.0129828,-0.624589825,30.27714658,42.59283222
2,0,488.1808906,0.2759279,18.67820456,115.2138672
3,0,595.5390973,0.651905284,109.5533568,48.47610965
4,0,1231.643727,0.146395429,35.20106734,79.69325553
5,0,716.5662775,-0.014764409,57.21293563,33.10408043
6,0,-491.8542172,0.197709007,36.91107915,121.8694862
7,0,611.7111798,0.014905756,83.28650261,151.7924706
8,0,-706.4876357,-0.472772446,68.78836826,90.76678845
9,0,552.3717651,0.402957115,4.389386016,146.0243002
10,0,785.5338925,0.282168425,16.20062353,130.2857099
11,0,-343.6971808,-1.132699698,-1.9489952,108.1499521
12,0,575.4683178,-1.091609623,-3.836752527,5.46091069
13,0,454.5001984,-1.200609433,59.48335665,105.5377898
14,0,-497.7444103,0.31038915,-24.32881175,8.391852438
15,0,436.2088328,-0.051826457,108.4789061,109.2263438
16,0,258.7190469,0.278842359,48.41889208,154.5249084
17,0,-352.9864474,0.139155943,20.13175194,86.76238067
18,0,407.5140184,-0.926595892,40.56969913,57.16640521
19,0,-593.5917141,0.092582854,-43.94220184,146.8070274
20,0,107.9143589,-0.239001478,96.17339936,113.9614251
21,0,-429.7982545,-0.872558031,0.245525952,12.76608839
22,0,-478.2037326,0.102632505,55.65455685,77.65578481
23,0,-57.3285205,0.242769645,72.00138304,127.9099582
24,0,150.3938533,-0.557199178,85.29930644,78.47603838
25,0,602.9218885,0.236818673,92.26763471,177.6446467
26,0,-779.5115838,-0.101790338,145.1708657,119.4700738
27,0,772.3428079,0.307261507,75.01549516,93.71363534
28,0,-131.3056022,-0.923498346,57.59661242,66.56304944
29,0,-247.7278986,-0.379956518,71.31059188,140.7610828
30,0,394.4110004,-0.815029338,42.28137228,66.12529691
31,0,-524.6218023,-0.957335935,47.58723925,116.0580978
32,0,181.3175835,-0.418620013,139.1386416,151.3929768
33,0,1598.39317,0.035796173,3.979031659,79.65649255
34,0,907.9081855,0.25992004,92.31971573,132.0767556
35,0,610.3027906,-0.713722107,68.38352606,128.125399
36,0,389.2979214,0.514950813,-86.72273648,221.4323186
37,0,1260.285498,0.308017435,-15.29398961,210.5053136
38,0,-84.73751691,-0.130469976,20.32731867,53.34405447
39,0,-763.0172116,-0.279079859,99.43626309,109.4849946
40,0,310.5953988,-0.24800152,-36.03944729,-33.82029202
41,0,-623.9279422,-0.033857222,-26.47101723,15.88638848
42,0,-1580.770811,0.197510917,62.41137037,94.99242362
43,0,-454.535582,-0.166985551,13.4893591,109.2184968
44,0,69.58520718,1.385477087,76.64546855,120.7378705
45,0,1019.763747,0.353067322,-52.75598283,188.2556213
46,0,-431.0055504,-0.292401922,21.9045265,70.21115443
47,0,501.6979598,-0.284686251,83.52945311,158.490589
48,0,1841.436694,1.470369118,120.5650586,64.83069836
49,0,201.114945,-0.096963538,69.02044464,21.14280201
50,0,593.2204018,-0.602218945,83.66565985,174.9422557
51,0,-307.8026628,0.229166702,155.8672321,118.4692428
52,0,-18.84270515,-0.15393113,14.24017188,51.38376912
53,0,552.100596,-0.272667319,38.17768845,43.54808142
54,0,607.7918675,-0.353464403,124.7884439,82.20688982
55,0,220.9039261,0.347579614,0.513094401,88.35008754
56,0,-508.2335327,-0.148960211,26.78988733,46.10284494
57,0,295.8275758,-0.47415258,61.33448699,73.08691173
58,0,-980.3455221,-0.234721131,88.20145409,73.28110077
59,0,-143.4486055,-0.005605996,46.50340688,88.36083626
60,0,-9.003765824,0.438653177,82.56187114,116.6156131
61,0,341.2672074,0.526589095,106.1698648,101.2694729
62,0,762.7271,-0.069525157,157.2021468,106.4807152
63,0,-713.0014608,-0.903066832,15.42889209,23.64932742
64,0,217.8359588,0.186643781,144.2505281,57.73450239
65,0,903.2309454,0.090370826,-96.97437893,24.68843085
66,0,758.7591661,-0.236848415,148.7188387,44.12452457
67,0,-659.577585,0.757601694,152.8020039,207.3368038
68,0,336.5937279,0.313798768,114.104123,164.8074161
69,0,807.0517716,0.551629765,10.58599117,168.4929554
70,0,-1415.538666,0.625066217,-22.50834655,101.8192677
71,0,-109.0458169,0.7147364,143.9626361,183.6377284
72,0,-96.14585732,-0.942578625,22.01790792,78.49254921
73,0,1034.894762,-0.07246897,59.61405364,-33.25967731
74,0,1233.841859,-0.153479579,12.77017592,62.42752888
75,0,-935.5344553,-1.283700161,15.46386728,53.13520036
76,0,-423.4847597,0.35939839,149.0311424,102.2278047
77,0,1025.629283,0.017245952,25.71836599,104.6597101
78,0,-525.2296277,-0.155273654,140.3236466,131.7653847
79,0,593.4530435,0.098639013,18.18365037,175.8837645
80,0,-600.6214598,0.863448786,107.0898294,91.19074107
81,0,-536.7475959,0.199670315,43.03438305,54.01230914
82,0,189.1341289,-0.201429191,82.35744276,90.83426153
83,0,367.9728631,0.192365975,-10.90746615,-2.62025963
84,0,465.1458934,0.909835829,82.92480916,-4.668501955
85,0,877.0518282,-0.482343685,62.83204042,176.1957629
86,0,-38.30349744,-0.891139708,22.34329713,7.89983748
87,0,468.7134239,0.435136734,-51.94265296,11.33863463
88,0,234.6882344,-0.795807603,86.44081796,45.64731796
89,0,722.3184316,0.751617339,87.27745417,59.87337347
90,0,-929.8179889,-0.726047965,104.5401196,33.76980654
91,0,-208.6273141,-0.6855133,17.84873041,45.72813627
92,0,111.6507042,0.173368855,111.6685968,52.08915215
93,0,132.7617033,0.614272512,35.12652629,64.23806625
94,0,-726.9538219,-0.327577353,60.60961964,111.3893197
95,0,5.646748726,0.085222349,67.06055534,176.8686583
96,0,-219.4960449,-0.243287267,55.29219584,108.0850667
97,0,209.8756949,0.075133405,143.9793792,128.1066824
98,0,694.4898859,0.096069883,132.3433183,178.6475171
99,0,90.39989808,-0.058089038,28.37003992,50.46396925
100,0,1246.751886,0.110756122,4.914327604,124.1407321
101,0,-313.9589444,-0.651573919,118.1466808,130.0142296
102,0,7.071962109,0.625508206,-48.24282132,15.19160309
103,0,-120.6194429,0.603198471,178.6906106,223.5471441
104,0,-221.687025,-0.232751709,74.04656213,199.3679918
105,0,-246.90342,-0.020391183,79.93076972,115.6109158
106,0,58.30964219,-0.094893644,-5.937944079,10.27167897
107,0,-227.0746727,0.729000952,115.0061928,119.9240706
108,0,-249.3401095,-0.466801449,40.37091593,77.00623432
109,0,1171.125702,-0.096195674,-11.67714063,-18.668016
110,0,-520.3140287,0.187730052,-42.70562151,116.2874314
111,0,527.7025789,-0.379173223,44.76926878,127.0643379
112,0,-1039.49896,-0.701454169,31.97146798,87.64763582
113,0,-400.6902205,0.656339184,47.24128309,185.8161762
114,0,-1064.701999,0.298718148,53.98367181,126.3472213
115,0,904.0957743,-0.630394293,83.46338116,38.28136338
116,0,844.8054634,0.095225733,54.24691479,28.55442533
117,0,124.1750289,0.683833351,66.01270109,41.26778392
118,0,377.0798831,0.309846801,110.1796367,122.6369769
119,0,-788.0914854,1.424296763,153.7548494,130.4306251
120,0,-712.0885945,0.255575895,95.55131307,91.63652707
121,0,1192.712848,0.124716947,17.24991288,-1.2110648
122,0,-1076.078514,0.054706673,-57.58027329,37.85890756
123,0,201.4455552,-0.168300587,-14.72754107,20.63125613
124,0,755.4655296,0.47264189,115.7134951,125.1382242
125,0,344.3359582,-0.028792882,70.49278506,154.2744337
126,0,437.4904061,0.007729844,132.232309,157.7879026
127,0,80.60996314,-0.059142885,-65.3398804,-27.91189373
128,0,-33.10232153,0.586321227,83.0376593,126.8403655
129,0,1338.361891,-0.604563715,-55.44277769,-0.840798246
130,0,-542.3647536,-0.06306752,-12.07075144,186.0052963
131,0,906.7955967,-0.058022696,46.93555461,177.5125906
132,0,-660.2052511,0.7958733,15.76284223,204.6973908
133,0,-458.6412998,-0.590487663,77.07297235,86.40589278
134,0,585.5331961,0.757371814,19.73737079,79.1778386
135,0,651.3703118,0.530857736,58.80944858,192.2442022
136,0,-305.4739458,0.595746024,10.03857649,16.55545658
137,0,-288.3289336,-0.718417523,64.26159237,155.9023171
138,0,801.321087,0.28982474,52.07704464,153.0256379
139,0,423.416142,0.200671086,19.84085693,56.79994462
140,0,44.01725863,0.882736285,71.94111848,35.50084683
141,0,-84.98186927,-0.13230005,74.34228052,65.99775766
142,0,-201.2658616,-0.139658269,132.2593566,85.78813921
143,0,228.4319629,0.164980684,123.108405,82.25498679
144,0,-81.47145205,0.12822733,97.17562039,66.97623201
145,0,754.8864726,-0.175256965,3.999392681,118.1217953
146,0,369.0393553,0.290372333,82.56599349,134.9577777
147,0,-46.67085464,0.118671115,53.78654935,89.68852244
148,0,325.993185,0.012485866,139.2020364,75.12169243
149,0,751.6463604,0.14873905,32.65369738,154.5240095
150,0,-517.2906483,0.460148198,141.89076,112.7084551
151,0,-42.18013881,-0.366718191,-3.158002755,73.90369096
152,0,778.0710354,-0.094271417,-2.265572815,110.1318236
153,0,1111.823684,0.522729389,184.1495078,135.4155585
154,0,-15.07820536,-0.309067127,71.72796217,99.13843611
155,0,-183.0489563,-0.256943144,106.6485543,140.9715192
156,0,-1294.249513,0.535199633,54.59871608,97.22831069
157,0,-665.0498267,0.226315592,62.81434029,26.50035453
158,0,-362.4838562,0.093872525,3.657536016,14.88152512
159,0,-29.79850312,0.668865207,101.9520951,130.8229261
160,0,127.3068484,-0.405717365,11.99685234,14.36806489
161,0,-454.9848904,0.866306793,77.2735639,69.37226203
162,0,93.11578125,-0.150704831,44.8168166,6.286761748
163,0,-135.5647262,0.238213268,73.1964947,79.08101239
164,0,-257.1937515,-0.794890916,46.9659557,75.5511186
165,0,-577.6626244,-0.615779507,43.7576087,218.0744176
166,0,-25.46546235,-0.686522431,-71.18622981,42.98557762
167,0,353.4310078,-0.135081111,73.91469983,194.1754883
168,0,-1193.626737,0.343728886,127.2274344,101.5594226
169,0,-379.55637,0.160724763,-76.97002756,-12.75575084
170,0,-391.4340045,-1.414893328,7.508310186,104.5719081
171,0,161.181214,-0.957470687,102.8201302,76.17563643
172,0,371.8635695,0.092341595,81.05348401,-25.70143132
173,0,13.52339048,-0.143859498,0.210490381,195.8743346
174,0,443.8950208,-0.390066331,-32.7792552,86.03344207
175,0,-897.0701228,-0.198063769,189.0821599,77.04452441
176,0,-264.8060339,-0.089046595,56.44726692,84.55489014
177,0,984.064696,-0.315495876,94.94924751,48.33171452
178,0,-452.2461043,-0.522530225,40.29130842,49.94197958
179,0,4.307502565,-0.101988623,95.81898459,207.3395734
180,0,223.0894192,-0.375956758,8.18353052,122.8618009
181,0,506.0702889,0.24654429,97.12371191,121.3721461
182,0,-289.4831495,-0.707658221,59.37984519,58.66778793
183,0,-516.6246287,0.629524841,92.29485718,35.61980629
184,0,564.4749428,0.537832777,129.2720566,133.9123884
185,0,-94.54347019,-0.085770282,167.8309616,129.425748
186,0,1232.917854,-0.061524333,55.84646333,104.3523417
187,0,534.7486513,-0.444814621,41.90504337,79.96027121
188,0,781.7872694,-0.765918789,-40.65062582,73.64155362
189,0,347.7999916,-0.718198871,9.166719986,27.47523167
190,0,-348.83996,0.393168867,83.13372069,175.8481243
191,0,538.8700258,0.268266309,92.40166674,1.023636334
192,0,146.2022493,-0.60002553,-16.32258475,55.47507509
193,0,-260.0649827,-0.360317308,-46.11801978,19.49640414
194,0,159.8357454,-1.437910701,42.31681104,70.60075082
195,0,-294.1578445,0.163948298,109.4068878,96.14117593
196,0,-334.0314603,-0.36608711,83.05964395,153.3552531
197,0,-323.2859841,0.013934609,77.50819129,93.19288403
198,0,1.423114443,-0.187783366,99.71358747,134.5943452
199,0,759.8685781,0.782343947,185.8725787,108.1442887
200,0,209.4049472,-0.532360753,-28.20481244,116.556433
201,0,-728.8301237,0.278280493,48.69792204,37.64081821
202,0,-327.9809788,0.173518101,-0.96864502,69.62998276
203,0,-579.1249437,0.214937221,30.35340138,97.17653938
204,0,129.2494945,-0.573770947,90.63640044,148.4193938
205,0,-109.7584692,0.593369373,99.2994617,195.8768366
206,0,813.7318537,0.687538326,107.0702184,69.60399299
207,0,236.7074228,1.093257481,93.59837268,135.9746494
208,0,-971.5532004,-0.161078087,198.4592123,67.96722363
209,0,556.8728087,0.44871191,69.71098727,25.17686786
210,0,-123.833021,0.363226163,69.40466535,109.3708919
211,0,136.2843604,-0.73808436,41.65493569,78.67269604
212,0,297.9553922,-0.175047061,-11.86064753,91.09794687
213,0,73.16851685,-0.752979163,81.65397109,98.5097893
214,0,-344.4046901,-0.952791356,152.4074543,113.290308
215,0,-808.144716,0.57385865,156.1460112,93.95814023
216,0,641.1353851,-0.333087932,136.0985077,142.7257039
217,0,19.17823094,-0.172799175,85.16737078,191.9165689
218,0,195.7955198,-0.331430846,4.279215985,18.50376627
219,0,180.3323392,-0.727166942,17.2719994,55.17780772
220,0,803.8377119,-0.453115889,-23.52064576,8.748029917
221,0,633.431473,-0.12258543,121.7519787,110.7400925
222,0,534.5941502,0.05015029,81.21828964,170.3285183
223,0,-194.4490577,-0.824738901,77.46847003,110.1898766
224,0,-1024.854478,-0.430747849,-5.006161523,94.1815659
225,0,207.7214322,0.403751223,120.7305604,67.44865351
226,0,452.4785224,0.096978581,45.17049485,71.86305674
227,0,-693.9137875,-0.070077396,20.87975081,114.5712846
228,0,238.0075319,0.14059795,-64.6430583,39.31387181
229,0,-87.87209228,0.27407332,-25.52822729,158.5258839
230,0,483.638948,0.372811234,117.5014685,53.34482921
231,0,333.7482026,-0.523846405,106.6128353,104.1890551
232,0,552.0596796,-0.07030412,54.99561325,107.2545172
233,0,508.4419502,0.077913662,57.77310917,66.806153
234,0,345.7815403,0.531423874,84.661168,206.9450479
235,0,-94.29731826,-0.02725475,146.1521144,90.77685413
236,0,-239.3411411,0.145791726,100.1754354,196.4315026
237,0,-452.8631556,0.34274518,-37.35658035,82.50483429
238,0,-97.8557804,-0.502387083,-5.707818765,24.30355888
239,0,642.2758228,-0.336885341,37.8742157,117.3912849
240,0,-4.806826548,0.500885886,66.61546619,117.1265375
241,0,-583.9072986,0.473070657,80.05359035,102.7516738
242,0,7.496747066,-0.491905295,16.07580235,40.30749217
243,0,-687.720202,-1.575443543,53.92428739,56.2753868
244,0,-539.7522467,-0.992361613,48.57693218,71.55257792
245,0,-136.0189546,-0.631525377,22.24757141,96.80083377
246,0,804.6180652,0.248814418,-9.580412801,210.1372401
247,0,-781.0222743,0.272209863,-16.29838776,68.95525936
248,0,615.4707467,-0.206754973,29.5880989,-113.3007981
249,0,-781.1299008,0.330566887,113.8660052,149.1821205
250,0,-697.5790699,0.262112131,38.66936602,144.7470372
251,0,325.4796352,0.110098341,96.69221684,-45.85169993
252,0,629.3771783,-0.919019671,81.51920648,-0.415164893
253,0,426.7032751,0.173751839,24.58184167,138.5581524
254,0,627.2325632,-0.219406125,11.14944094,60.83075944
255,0,-474.2374057,-0.965354403,120.3602274,38.56959094
256,0,43.60064796,-0.077192741,147.330241,96.56645812
257,0,-114.869679,-0.545722515,-27.27132834,128.2391436
258,0,761.1570724,-0.870971562,51.97117531,111.9173438
259,0,-615.4227669,0.632923819,-14.51227401,142.1118847
260,0,778.5334839,-0.170602293,50.6365422,71.64396446
261,0,-697.9290003,-0.414027552,35.51301649,97.8785001
262,0,2.142613797,-0.042823356,84.94414563,120.5986659
263,0,-43.11242936,-0.477325886,122.9165445,158.0038724
264,0,-1527.960165,0.254810558,133.1150637,49.26309609
265,0,-98.86439135,-0.425041153,13.65855346,91.12034338
266,0,-122.0413419,0.395295537,59.05317209,131.1719595
267,0,-393.2073905,0.226995036,127.7102877,177.9975306
268,0,-52.53045053,0.280114066,95.93917005,115.5296524
269,0,-666.0152333,0.249920126,4.930266914,101.705938
270,0,-313.7802883,-0.692881084,-6.115807985,43.83226826
271,0,-287.1288191,-1.505542631,22.84686306,47.92481465
272,0,608.9502874,0.791896728,-1.399158493,128.4104832
273,0,558.443538,-0.293210803,95.73991929,21.88540982
274,0,447.9918773,-0.687965558,41.04763309,90.58544376
275,0,-136.7842896,-0.4536097,-8.483144971,19.17262763
276,0,61.33571846,-0.33412824,122.9497614,106.7293383
277,0,298.634848,-0.46111287,-36.98032426,195.0438589
278,0,-213.6917104,-0.043752528,100.3899403,92.08390553
279,0,488.404055,0.59778989,118.3480584,108.3233639
280,0,431.6396657,0.484697798,40.73609463,106.2809996
281,0,244.0263698,0.205449218,-25.87145276,55.30523319
282,0,-241.9057843,-0.06637972,64.23565396,194.4981053
283,0,351.1950766,-0.57146265,11.36910909,106.6883565
284,0,423.2279555,-0.02397125,39.85489116,124.4378958
285,0,57.54927358,-0.327509099,8.57341139,34.46090412
286,0,211.2058679,-0.896162422,7.769265574,51.22382199
287,0,-446.7893631,-0.701519898,-116.7868936,54.52127242
288,0,-585.2328344,0.830281911,57.51871889,111.5182661
289,0,736.2266396,-0.187505968,-50.13189915,68.95020518
290,0,-233.6994274,-0.756743315,-27.06304948,106.0885206
291,0,474.5832082,-0.706353165,149.6141081,86.89171072
292,0,-83.50433453,0.731607684,137.0067407,99.49688368
293,0,629.8114139,-0.700692609,5.417222858,95.80884012
294,0,409.815827,-0.604579304,104.8857949,177.0903196
295,0,-189.5525619,-0.249438159,43.47259848,125.740103
296,0,499.2250298,-0.403294062,47.13091081,72.90520875
297,0,273.5503866,-0.655328027,-43.82463342,0.012616844
298,0,-470.9354807,-0.671494852,-1.613908928,50.4535282
299,0,557.1396933,-0.372398023,21.26890761,61.37835994
300,0,430.285143,-0.166885083,123.1703839,200.7344471
301,0,-548.5500603,-0.598603194,21.6166052,-11.57619285
302,0,-693.9862718,0.633018187,128.8287686,195.616141
303,0,854.4795136,0.187848052,-45.29405403,41.50934657
304,0,-482.9416498,0.061624787,-31.77248644,50.40432603
305,0,158.6488275,-0.666887941,97.51099497,6.312903396
306,0,-495.9085861,-0.162653508,97.86274289,197.893702
307,0,174.1201278,0.363229507,37.09694955,162.3235872
308,0,-340.6861791,-0.285537009,-16.77642572,143.8669488
309,0,-495.0364098,0.396494121,74.7708818,54.3309193
310,0,-603.1734241,-0.160740141,74.57936164,53.38353101
311,0,154.4322953,-0.152583309,120.800009,140.4296949
312,0,89.22748708,0.294151949,25.53277147,90.16315544
313,0,-29.0727763,0.345389295,33.94674532,51.11962585
314,0,-638.5788734,0.679123914,64.07657575,122.8010468
315,0,-525.0869377,-0.719890076,102.9491607,142.6661484
316,0,-298.7667044,0.225039717,39.0927091,23.3316606
317,0,-126.3110193,-0.492748803,21.32696433,25.55437886
318,0,-872.6265802,-0.047551578,-36.49541858,7.0669681
319,0,-40.43304839,0.046710072,59.27758635,105.0769013
320,0,632.8821595,0.243401996,84.89750793,107.487646
321,0,376.7206447,-0.469899529,-20.02926833,63.87669177
322,0,100.9575961,-0.305939317,79.40691745,65.0583906
323,0,417.9331702,0.06542669,-4.689448611,240.48427
324,0,841.7444955,0.261523705,18.82650417,151.3665786
325,0,-417.5281422,-0.481469971,109.3437988,15.68022498
326,0,-389.361976,0.588683853,110.3921057,79.40428443
327,0,-160.551367,-0.284000834,34.6936967,97.35014076
328,0,-255.5644941,-0.420491367,20.26666086,51.83467787
329,0,425.0719934,-0.496100004,-8.956620579,77.85595948
330,0,-109.0868844,-0.730492327,16.92642114,140.7163055
331,0,-238.5075754,-0.113848071,67.52364482,-16.09696002
332,0,-139.6322445,-1.643725699,126.9507285,33.44314377
333,0,-155.9550861,-0.299018626,83.28984006,77.23218051
334,0,-382.0570923,-0.011847644,30.22945782,191.2654338
335,0,-240.1546836,-0.852134826,102.5216937,-19.81948236
336,0,-562.1461307,0.259540576,10.72770538,98.13912305
337,0,148.3211667,0.069290712,65.83127483,33.22466349
338,0,-294.8798969,-0.753517386,-47.44071333,194.9047476
339,0,1039.040594,-0.504303069,117.6380906,13.54245646
340,0,1440.435439,-0.532365875,43.77412322,72.06301562
341,0,558.1616384,-0.127515596,74.45873704,108.041803
342,0,-62.90029269,-0.545574536,-3.547450257,17.2170782
343,0,338.1657791,-0.665719758,46.89665132,38.28276075
344,0,-375.3117523,0.895167064,169.0070309,128.6523199
345,0,1056.993033,0.334275569,67.69354475,54.55429678
346,0,-609.4163637,-0.129740737,23.02305647,138.2082762
347,0,29.37097854,0.122537618,13.21591551,138.9914933
348,0,17.72413494,-0.153021667,55.36244909,89.95399644
349,0,-37.11056962,0.399542852,37.43727363,81.0512893
350,0,-211.7559081,-0.280781034,11.38611761,136.4488655
351,0,-839.7679245,0.016510241,23.51292846,13.20716493
352,0,-232.5700832,0.069911637,17.8425475,-67.05539159
353,0,-89.45728883,0.594127433,102.4586811,66.21421681
354,0,947.1105076,-0.291028855,30.46979732,14.47201717
355,0,1009.866639,-0.26648087,22.48924741,121.7365406
356,0,408.7685714,0.555220451,25.85599066,60.90041731
357,0,-327.5851142,0.168086545,110.0888733,85.77193131
358,0,622.3288394,-0.186662138,54.75525301,98.09958375
359,0,237.9031184,-0.377308988,10.44129637,122.954326
360,0,373.785204,0.137225093,57.63828153,120.5705872
361,0,34.50887225,0.352397838,122.5036499,119.6684168
362,0,744.3407901,0.68985036,79.40515286,-1.787400188
363,0,379.4853727,-0.065479397,102.4223717,1.924449709
364,0,508.4319992,-1.266551548,-51.7404516,62.50940048
365,0,-177.521693,0.399376555,19.82989601,31.81905426
366,0,-540.5246357,0.656577341,203.0094726,184.9473295
367,0,-59.98432658,0.498627508,-2.408281951,87.61196799
368,0,205.9444062,-0.118038537,111.8535632,-24.01354048
369,0,-304.8318816,-0.993332559,-20.58477004,149.5021483
370,0,-812.7333476,-0.567470822,29.13712864,115.8505365
371,0,1206.266192,-0.530352223,85.20938114,65.41785537
372,0,-374.3864967,-0.771912008,0.104546378,43.02136908
373,0,539.7066886,0.236133597,26.45762869,93.45628425
374,0,313.3890196,-0.151056372,86.14698555,112.2299364
375,0,405.0269225,0.003876895,-22.04929359,101.5006735
376,0,1012.00096,-0.714948698,4.986763528,150.7210541
377,0,-145.7898282,-0.469582816,165.1142167,98.28521732
378,0,867.8360609,0.080199301,93.98142509,129.3574616
379,0,692.9906798,-0.074379791,59.73319612,121.6528914
380,0,-417.5935654,-0.460641626,38.00420555,126.8481855
381,0,-717.8392544,-0.710402698,-6.338868171,199.015913
382,0,539.7312117,-0.532373836,79.84075169,44.66203805
383,0,-1531.177205,0.329400319,57.4528644,55.28730492
384,0,1188.253164,0.006326696,65.69010047,113.2144487
385,0,-269.266596,-0.482157278,25.57128997,173.1135472
386,0,-815.4871574,0.064918902,103.2052626,157.1670242
387,0,1632.279426,-0.202789679,95.30892541,120.6059158
388,0,4.661351255,-0.474756893,80.22617764,42.09024961
389,0,-504.5860987,0.924080802,50.53501999,2.445648151
390,0,-810.9360246,-0.477306032,88.66162732,141.1969427
391,0,58.11687591,-0.449088016,99.68989286,115.4338336
392,0,-294.7435866,0.382861639,79.58665175,140.0374593
393,0,499.1868636,-0.48115256,74.97281217,106.7974153
394,0,731.4948809,-0.312821876,67.4387952,164.438707
395,0,-696.6682281,0.156774487,144.2712455,-20.40459607
396,0,325.507417,0.200277393,13.35227208,123.7162102
397,0,113.1863587,0.544928125,104.3970186,91.38962804
398,0,107.5085158,-0.342886791,62.55823751,90.92533729
399,0,534.4629491,-0.938479803,46.03063387,96.50831797
400,0,572.3637861,-0.120600829,131.7513047,26.97248124
401,0,522.2209822,-0.626212993,85.90398407,94.23898538
402,0,646.3706319,-0.336967119,43.74592539,171.7780248
403,0,-705.7106043,0.801042362,122.1496315,98.77188808
404,0,-214.3556286,-0.374492462,33.20594159,40.19698787
405,0,67.02768621,0.638578165,16.78286501,163.5965084
406,0,573.8805121,0.510472773,73.1167705,107.5864708
407,0,172.0222243,-0.392939266,15.14964782,70.14670431
408,0,-168.6729809,-0.067024042,79.94195695,118.8444136
409,0,499.9795136,-0.998716457,15.69625945,113.5956049
410,0,-24.26964531,-0.517450086,123.0394965,38.68222577
411,0,-614.287991,0.113668935,117.0975634,89.73862595
412,0,107.3102365,-0.293832475,121.5292534,122.7701542
413,0,-268.5145733,-0.828032394,64.71962413,96.78556625
414,0,-269.8317057,-1.041806504,31.23454657,119.4694312
415,0,-847.4938406,-0.003276742,41.51995594,108.5612045
416,0,64.78588912,0.667625112,136.1237001,118.9795033
417,0,-160.2009052,-0.227020667,-37.10776541,33.00343891
418,0,1204.588816,-0.454609607,55.47416483,50.03167612
419,0,504.8030658,-0.461552625,129.6661455,156.9274669
420,0,779.7189959,0.560694592,51.39114586,120.4434898
421,0,119.2118446,-0.252320482,75.85058581,119.7207311
422,0,52.96686874,-0.116624481,47.93484536,59.5739355
423,0,-9.453918118,0.018653635,117.8320877,86.88187628
424,0,-724.2484071,-0.257040925,4.816446474,89.29708048
425,0,4.629500526,-1.185616411,16.15117954,41.89899742
426,0,-433.0590033,-0.974468421,105.8495117,27.19561658
427,0,545.4542424,-0.619477822,95.59493383,74.84260285
428,0,-930.6641148,0.059708881,38.60595876,103.2087441
429,0,-781.752613,0.092986327,91.5705302,131.4546287
430,0,5.460936972,-0.637816466,57.33633171,80.37475463
431,0,582.3623788,0.221302054,52.45895944,28.88107878
432,0,-147.1387748,-0.14642847,144.7749253,-15.0258973
433,0,-103.3477367,0.865610259,42.26951541,84.51685301
434,0,650.2947309,-0.424712709,35.93409964,53.90706487
435,0,-312.0514786,-0.302600505,62.89121813,36.35884199
436,0,61.75373003,0.378659868,36.79163973,106.2876364
437,0,593.423753,0.087105331,105.8216257,130.3960183
438,0,-509.6708342,-0.446162464,-39.40311984,118.3420947
439,0,43.68261486,0.044171393,38.35510643,95.64629369
440,0,212.2442955,-0.407637257,35.99531678,113.1759349
441,0,-767.7734903,-0.549881028,101.7516054,66.92545034
442,0,-629.1410653,-0.621260205,133.8598633,126.4109442
443,0,241.4743655,-0.686055217,97.6281345,51.14840337
444,0,438.5474943,0.421219471,93.62532957,129.5408734
445,0,-353.3433556,-0.144126177,9.041352372,23.65051915
446,0,602.5440154,0.645358943,44.0197915,118.8303256
447,0,226.3787463,0.819767298,64.38129581,151.3094754
448,0,1058.140503,0.58784775,155.4332209,5.153522425
449,0,991.866909,-0.109748778,-2.807107287,140.2359375
450,0,691.6717691,0.039276223,137.8376906,143.6232261
451,0,-284.1253249,-0.264351121,71.81900771,100.9273007
452,0,-148.9612011,0.091177164,39.97747262,84.60388794
453,0,171.5256307,-0.182660416,113.0563869,-38.69842461
454,0,440.1608621,0.348696473,-38.19548388,84.18672424
455,0,1256.817186,0.431448143,83.94150174,150.9849033
456,0,193.8017562,-0.267099042,57.08681894,52.90614422
457,0,-85.32529318,0.745915424,89.53413904,25.2764096
458,0,382.4805998,-0.152623283,44.23406848,113.2050202
459,0,323.2178575,-0.318329747,27.03037909,21.71966093
460,0,-96.45952488,-0.593623682,107.8557112,88.18646309
461,0,-269.5149788,0.306361015,79.71336146,75.89844578
462,0,-1134.458035,0.078280216,64.86198793,138.5180113
463,0,-611.3317491,0.319571561,19.57947863,160.7833417
464,0,547.5691307,0.275715713,83.51733873,154.88949
465,0,-229.8575345,0.093861486,179.9978837,169.7098476
466,0,-1126.504621,-0.018903739,44.91313845,133.5102259
467,0,1318.26137,0.140441296,91.45709818,187.1000114
468,0,-475.625784,-1.263295868,5.305849566,83.27288736
469,0,-180.1165986,-0.036655879,120.4497732,95.17127634
470,0,-312.1423659,0.469703048,87.61628307,108.345132
471,0,437.4337363,0.179134552,94.84878327,118.0443514
472,0,207.5393537,-0.959369935,9.5982064,-4.072071348
473,0,801.5879795,-0.434562924,-55.62297657,106.7112063
474,0,431.91496,-0.748981384,32.64195463,38.62479549
475,0,209.186179,-0.529056217,19.15671477,113.7253028
476,0,-310.646469,-0.175655719,59.37239839,126.4444302
477,0,-545.2792061,-0.665048914,-3.273560051,46.47114853
478,0,113.5541083,0.460766758,142.6218067,149.3494589
479,0,638.1928563,0.135041267,64.99058476,182.6675294
480,0,302.8569111,0.390375876,115.0025151,169.2972813
481,0,-152.410371,-0.414087548,10.76344993,-8.430862038
482,0,925.5177182,-0.120217607,67.69760501,150.7231394
483,0,-1009.802619,-0.611161293,102.4553915,46.2975589
484,0,326.7333648,-0.515987063,-16.52651647,142.2158278
485,0,513.3386643,-0.880667798,67.89682069,77.30986884
486,0,-125.7057496,-0.690922305,9.993639591,113.3123563
487,0,614.9126505,0.165198192,77.53132229,113.8882162
488,0,1153.655548,-0.142496852,-26.62014894,103.2829412
489,0,-212.2601147,0.058225568,1.901108477,145.2323849
490,0,831.2776185,0.541483529,39.68567264,72.84518471
491,0,-221.6259151,-0.227304541,101.9704061,178.113825
492,0,-24.70158881,-0.426724535,44.90553955,8.877777488
493,0,245.1608438,0.113661193,-7.015608809,74.36327474
494,0,104.2579481,-0.595882547,34.05511423,133.44067
495,0,291.2575375,-0.453822149,51.2500736,11.66815111
496,0,209.9301168,0.313465817,12.62623679,80.52855487
497,0,708.0141414,-0.589367638,13.36889762,129.9818058
498,0,-477.9817485,0.361852325,71.64749892,105.6829078
499,0,-635.0697682,-0.010381129,156.5660366,111.234215
500,0,262.7928178,0.581759379,-42.76256514,162.4241934
501,1,-11.28124391,0.190356223,89.44043085,113.7551346
502,1,-100.6217894,-0.097531502,65.28458433,77.52130869
503,1,-151.4264376,-0.228573127,178.2059912,61.29309348
504,1,-83.97730135,-0.179910195,67.53073602,145.6804002
505,1,-80.81346215,0.464882486,124.0640701,133.6063645
506,1,-240.2187544,0.302753932,124.3626346,65.3905161
507,1,73.98879567,-0.118733319,128.0976929,94.4628996
508,1,57.46340164,0.675471513,84.12538653,61.98933473
509,1,126.8046547,-0.021450592,26.77114943,84.43526955
510,1,-159.0172286,0.413402279,103.5436766,101.7309133
511,1,-96.50227417,0.555572916,61.75933014,155.9350745
512,1,-138.1625618,-0.28683001,29.38377642,49.70917978
513,1,-62.70738463,-0.389855113,5.846407947,107.0723514
514,1,214.9359507,-0.572245445,-10.4517268,78.06003786
515,1,156.6152084,0.647674225,-35.36205476,57.13954613
516,1,-318.6858096,0.397607993,-9.369507922,214.5944167
517,1,-61.99929809,0.036745028,68.19248535,51.17044822
518,1,-184.2427204,0.234446858,82.85441674,144.5352008
519,1,-103.7475093,-0.102637669,97.5536829,114.4594647
520,1,-123.6001446,0.40549565,81.25116391,93.78798176
521,1,-52.65069967,0.953978475,-73.82251615,143.37222
522,1,-52.54072056,0.342875986,16.86696184,69.49528065
523,1,13.82158476,0.05308338,11.78962074,98.95023041
524,1,-51.58714281,1.06195809,61.59278453,125.0533477
525,1,86.73716639,0.286090744,-54.35653963,102.8035576
526,1,84.96994085,0.703181181,63.01774018,146.2109111
527,1,79.51049674,-0.524928408,36.54868568,100.3815176
528,1,117.3151472,0.088950196,67.124791,163.0468171
529,1,235.3861345,0.743950349,30.79863733,51.18668117
530,1,247.2221788,0.100039588,101.9870811,153.187366
531,1,-112.1707726,-0.294726724,52.02836935,-26.92373014
532,1,-224.9740192,0.470860521,20.54577103,33.97426461
533,1,-55.71364533,-0.308130348,18.60868496,115.2813253
534,1,-160.4296902,0.297325803,72.90508049,32.34412953
535,1,29.1283602,-0.18602385,1.859838681,50.39332698
536,1,-88.29410987,0.267181239,-32.68865448,104.5525721
537,1,63.2119846,-0.417830542,27.5771606,-14.24096771
538,1,-87.06793268,-0.35376882,-5.118640477,210.665579
539,1,-110.279079,0.13865863,81.41531227,96.41610208
540,1,-48.73019905,-0.208686895,93.16352811,193.913373
541,1,115.7217062,0.450959663,122.1031157,241.2422647
542,1,222.0001576,0.408502359,51.65363294,236.1634122
543,1,33.12159995,0.004889532,-45.20714222,119.627968
544,1,-108.9902908,-0.047071463,19.81413359,105.9886218
545,1,56.85842333,-0.044952104,-8.987202959,121.736538
546,1,-323.0924058,0.523267442,74.26679385,211.0432695
547,1,195.4639561,-0.006333828,63.55574404,78.87310242
548,1,-9.764730592,-0.164605402,136.824169,166.0420593
549,1,-34.21137614,0.037374023,42.21883527,190.1330737
550,1,172.2174162,0.033748647,14.5967648,19.54772787
551,1,-163.893236,0.229372425,56.95949866,101.407722
552,1,98.6469767,-0.133164489,211.0608808,222.6382935
553,1,-125.0821805,-0.69168136,52.44677974,149.6673233
554,1,23.60015421,-0.288891826,110.356005,148.9846825
555,1,92.62243678,0.383060425,44.84219523,124.3862624
556,1,-23.59675493,-0.057798883,48.76966123,117.8654222
557,1,159.7081456,0.316978711,130.7089814,66.73359794
558,1,-86.69552413,0.387128078,38.88635694,168.3109094
559,1,140.5544238,0.191627857,112.6164164,215.8239145
560,1,42.24774227,0.048338792,85.27441007,83.66979251
561,1,9.314674393,0.223162392,43.29528806,53.90306977
562,1,75.31038068,-0.676051755,85.12870156,139.6843589
563,1,-222.3330507,0.109253004,43.82510422,55.96416494
564,1,79.55017824,0.060131232,-15.12752855,104.8348146
565,1,-75.55909338,0.526647621,120.332942,148.8926642
566,1,-123.0296068,0.496219016,-18.82423448,176.5152162
567,1,39.18857685,-0.147116371,14.32136443,89.5606408
568,1,-75.11104113,1.069324711,73.58625703,126.6169543
569,1,74.82069423,0.342255629,-9.434282615,197.5477099
570,1,-163.7197772,-0.203516472,71.17764475,265.7398625
571,1,15.1710598,-0.795243876,33.45050854,70.77655584
572,1,120.0720885,0.080997647,102.5321468,81.25408213
573,1,107.0003336,0.389755012,58.3460918,57.86445974
574,1,150.7954089,0.194860452,-34.74710068,139.8839651
575,1,-173.5015638,1.094250458,130.8384396,158.9811291
576,1,-72.22721564,-0.421560677,36.91638975,81.73675221
577,1,-47.91714819,-0.252360476,81.69328336,163.7073279
578,1,12.36332908,-0.863346103,68.70933945,131.6127324
579,1,164.1007833,-0.909582171,49.28856085,47.3389962
580,1,63.43001374,-0.040766134,-22.50346523,121.522045
581,1,42.71088923,0.631908398,39.6720662,111.4647174
582,1,96.35750992,0.612143196,51.21242503,149.1211146
583,1,325.9227692,0.470670039,5.20308637,129.3640321
584,1,58.73403883,1.26179645,3.973002365,123.2248733
585,1,-78.86650862,0.173346559,92.2129161,66.70115579
586,1,55.00088085,0.691949845,14.12293768,122.8379336
587,1,147.750132,0.292480461,129.6372411,159.1580924
588,1,-114.7914186,0.313845957,55.17830415,116.9242077
589,1,-86.55405121,0.607956811,33.12488941,78.30769292
590,1,-171.8972955,-0.625918494,75.7590299,99.59826877
591,1,-58.85122449,0.215409956,166.628238,68.08170146
592,1,66.43858558,-0.760184101,50.61970056,37.74721712
593,1,28.62175247,-0.494357048,43.09929441,211.75529
594,1,236.9913965,0.731801876,6.383435352,193.0693235
595,1,229.7761908,-0.708758661,68.59993318,65.85826109
596,1,-49.21602931,-1.115998783,73.90695586,51.393279
597,1,-135.3266631,-0.126298104,75.37754077,214.0626094
598,1,171.9991228,-0.929824228,52.23665247,99.72484119
599,1,31.4704858,0.001395393,-13.77740018,72.16831352
600,1,7.237310012,0.540724569,136.3725051,46.53547204
601,1,212.1810605,0.221714665,73.67872255,114.7964479
602,1,141.5829351,0.294609203,141.5305176,100.0627207
603,1,79.71017115,0.335150495,132.6032922,103.7022234
604,1,-83.53155444,0.720674594,81.77095692,101.4876764
605,1,-122.6342466,0.927356279,124.4683119,133.9709744
606,1,-209.2699816,0.474111629,45.60681173,200.1028031
607,1,102.9071606,0.663725056,20.85870887,250.8392812
608,1,-34.89721399,-0.51425374,19.51608706,-14.52602988
609,1,72.72284094,1.194450257,123.0859332,210.3803816
610,1,39.7393914,-0.328969351,93.67460593,114.3362367
611,1,248.5458622,0.731651052,75.88340495,103.1095179
612,1,139.916778,1.014784566,151.8268481,122.9388158
613,1,-27.20271826,0.101216093,-31.54810396,110.1788057
614,1,152.7826563,-0.361793728,-59.27536327,125.077186
615,1,37.09737799,0.507628277,153.9134723,119.3833005
616,1,101.5870822,-0.241430107,67.42283864,155.5398289
617,1,-204.260628,0.127940268,11.359325,125.0453029
618,1,-31.06942881,0.557385414,26.42510491,74.49363234
619,1,139.6584577,0.807492027,80.89985169,141.5987691
620,1,63.9892748,0.683673048,55.6234465,112.7099286
621,1,-102.0762773,0.250980594,49.67608446,81.29131579
622,1,266.4802912,0.159437757,-47.21630547,143.9301597
623,1,-89.03740528,0.049072247,120.4135293,158.5354786
624,1,-8.272779402,0.079390562,71.24620558,55.2238983
625,1,81.55998857,0.446141821,105.9685122,161.2980538
626,1,-173.3215551,0.986505168,156.4639979,139.0423178
627,1,24.90902038,-0.176203208,93.44843501,77.00282915
628,1,-62.59883271,0.24031499,132.3733171,132.3448878
629,1,-68.52861654,0.457054284,-36.21595928,143.064173
630,1,-136.6507418,-1.324058691,107.0441908,40.74580263
631,1,280.2489482,0.465826601,176.7879574,187.3351902
632,1,91.77457443,0.088710473,28.78203663,21.83601969
633,1,-123.3114489,0.209454403,51.68975936,128.3149225
634,1,55.46556924,-0.060562599,-1.686831369,62.88029662
635,1,-23.63868773,0.703692031,52.58212808,35.09005657
636,1,80.20768862,-0.013448226,131.6181383,-1.084625809
637,1,161.4489561,0.744472662,42.01243827,161.404913
638,1,130.580661,-0.399854198,130.0915671,146.5029537
639,1,-107.0478281,0.499028777,153.4320784,132.1264415
640,1,-61.75378415,0.418120968,9.535659513,137.8085647
641,1,122.5706369,-0.422148131,-11.66608531,143.5897913
642,1,66.0690402,0.009617573,36.21707007,118.9253811
643,1,19.37261951,0.323744016,-33.63587606,172.3185702
644,1,-266.8211939,-0.341056125,-12.45589333,85.09942666
645,1,61.37964808,0.102702016,43.31392823,71.09990794
646,1,56.74632374,-0.45435829,155.4174651,114.090029
647,1,120.2938462,-0.415346526,55.27108717,-38.42903891
648,1,-81.40102502,0.397233546,114.0882716,46.46250118
649,1,-231.6964779,1.250135197,12.55519618,114.8784066
650,1,110.7415817,-0.071663949,51.89887656,15.82497507
651,1,283.1390554,-0.425340505,122.4469034,137.9742504
652,1,-27.51348099,0.912189394,105.5052149,245.6027662
653,1,2.448005917,-0.268977054,155.7748719,62.26081352
654,1,86.52305395,-0.184347912,25.76877249,128.6960825
655,1,-24.54906342,0.800452923,47.51844328,167.2820794
656,1,94.27242232,-0.01329141,5.002609479,34.21651318
657,1,-206.5039829,-0.018302577,67.90221865,181.0451429
658,1,-68.80669488,0.340515034,52.10158019,-27.43067314
659,1,134.4767272,-0.278994085,144.0185247,59.67736236
660,1,103.7344035,1.188997709,85.92925655,87.53996531
661,1,37.82255484,-1.168440524,-27.77721289,51.52652954
662,1,150.0004125,1.234685012,108.2036071,262.9161857
663,1,98.14874951,-0.140076839,98.99287326,163.4721169
664,1,291.4401397,-0.237123474,75.85764191,113.5932779
665,1,84.25161892,0.152329022,35.27164687,53.89759036
666,1,74.3891891,-0.172603199,67.68175085,34.98078018
667,1,215.6193672,0.488943708,30.05190203,-11.87202005
668,1,-144.4754579,0.09438505,65.13399329,-10.675406
669,1,104.7547472,0.108340088,109.3140141,100.178548
670,1,46.81813458,0.434875454,-2.530483537,205.976616
671,1,57.93955894,0.143749552,57.13593507,116.3512194
672,1,-123.1424665,-0.607251349,32.84377496,157.5162453
673,1,-29.81883411,-0.264694997,65.5647724,34.34470236
674,1,21.57279275,0.07375037,157.5515539,83.83081873
675,1,274.7588254,0.550148831,14.62639334,194.6994612
676,1,106.0381429,-0.381059973,97.12800428,141.220186
677,1,30.25298636,-0.804941338,53.5162026,184.6821567
678,1,-100.7676419,0.854242051,110.2199367,90.22635792
679,1,11.39241087,0.272482506,51.99179091,87.24310173
680,1,176.7171437,0.007219211,104.9131583,28.82342703
681,1,-21.09878532,-1.305469822,-0.37384655,-38.24159826
682,1,-38.71313621,-0.319929183,13.88836481,24.62745635
683,1,11.60281625,-0.456262297,48.69024995,55.38008118
684,1,326.3259347,-0.334378252,156.1802906,56.47065834
685,1,438.7828033,-0.012645594,67.99019371,167.2159919
686,1,361.6500781,0.215041057,-25.9723672,160.3632747
687,1,103.8001771,0.454060995,-6.223465264,176.4392788
688,1,13.31463792,0.950440333,122.8426793,233.3216176
689,1,2.930785895,-0.314238637,117.1299907,94.87852167
690,1,95.15015667,-0.25857324,129.8831712,135.0479461
691,1,-11.21827809,0.235585186,34.31534761,127.9894351
692,1,-167.111,0.372511295,115.9299429,142.9753507
693,1,8.328669532,-0.756624553,72.00733812,55.29166502
694,1,121.7103721,-0.024395522,37.74219125,110.4966593
695,1,-42.42373056,1.353485162,11.58145099,88.85689635
696,1,182.9052081,0.177518838,87.30565734,119.3972416
697,1,26.60153849,0.34966302,46.26266558,103.1835507
698,1,53.44259534,0.217014228,-9.625622223,22.9480501
699,1,-64.10226009,0.205566883,16.37197869,113.5960015
700,1,299.2977557,0.656160179,-18.77393626,-11.52497334
701,1,-52.55693546,0.278151692,115.9838087,153.4485153
702,1,72.62982252,-0.712553188,29.71029137,62.92425241
703,1,-97.77520166,0.796416566,107.6033719,79.77745936
704,1,158.3529381,0.152394549,44.91505172,141.4511224
705,1,173.1588993,0.085710726,-57.57054847,129.8846914
706,1,41.37848146,0.121045143,98.57980527,89.09844778
707,1,136.4326106,0.17454938,86.90629391,245.9886845
708,1,-63.523166,0.013032222,62.44410218,149.5985747
709,1,-10.10601985,0.256171622,68.25217776,75.54027996
710,1,6.79017046,0.337233163,-55.78285928,281.3001239
711,1,63.63009277,-0.049019713,-0.547182236,104.6110275
712,1,175.3641642,-0.696669786,79.17383372,52.06779914
713,1,77.82200331,0.520527494,-17.10797172,71.35151122
714,1,181.2241479,1.117217987,88.10546955,153.0467347
715,1,170.9617024,0.262097145,151.3307756,136.7045366
716,1,39.19416981,-0.560032738,-21.66802711,91.1305445
717,1,23.69991637,0.65817539,42.56520808,195.8770977
718,1,212.3575879,-0.30104117,15.29573809,61.32821379
719,1,31.09856719,0.70199875,-4.32685422,120.0989613
720,1,75.64145467,0.162123208,79.81856078,53.78120505
721,1,69.96541505,-0.247161913,142.9626495,15.88959006
722,1,171.5483992,0.492860708,108.1928617,212.5778586
723,1,-69.45093642,0.311898931,93.7416269,139.9128111
724,1,111.5289636,0.482196859,123.4694129,124.6581982
725,1,107.7120954,0.385399856,85.17148462,138.5735406
726,1,133.2428613,0.179850629,58.33050414,3.984809645
727,1,223.3189668,0.502094339,51.13313699,151.1037154
728,1,15.91343074,-0.415049462,-39.28803884,50.84172858
729,1,158.3562018,0.432743051,14.66753927,147.5064669
730,1,127.9904206,0.634466094,-22.51306441,62.66299706
731,1,89.17878951,-0.264320202,1.800604174,80.07061856
732,1,134.2720268,0.684777486,126.8845368,244.181995
733,1,221.6319112,0.869937928,36.71302083,111.4672907
734,1,164.1519718,0.028221452,23.38500711,98.78906086
735,1,78.86292393,-0.555455661,-14.89441373,70.26427364
736,1,-28.68791135,0.060799587,60.17660359,61.58595057
737,1,69.67497267,-0.12128875,147.6996173,91.87718238
738,1,298.169425,-0.083947854,6.806787264,142.7449477
739,1,205.3437593,-0.054104914,81.6925208,90.96231894
740,1,87.03233714,0.882272224,72.11109501,160.2393606
741,1,43.52186433,-1.054560811,42.06767183,98.65274537
742,1,-78.75870174,-0.641617122,70.79592269,29.48535447
743,1,-36.9559471,-0.23478565,61.10683774,154.1129935
744,1,-164.8390841,0.209722755,75.8557461,116.0842313
745,1,17.83896243,0.822365771,61.54599953,116.1757627
746,1,116.0552064,-0.850481473,83.67164344,62.18790737
747,1,63.55647033,0.655382214,24.36614826,114.4689236
748,1,-113.3979803,-0.175023792,39.85965572,62.1143246
749,1,-219.7914688,-0.14966698,56.03514352,83.02116914
750,1,181.880312,0.560180245,111.3068545,235.3641095
751,1,-295.8390088,0.360597761,-22.7737454,-11.98112828
752,1,167.5223557,0.038274845,130.3262104,98.24966939
753,1,66.2458158,-0.12137991,-51.48456133,112.6904717
754,1,196.1572132,0.447403394,72.77366789,187.3642587
755,1,-11.49692185,0.417508369,32.90116667,92.62997143
756,1,-111.1378179,1.133647923,23.2185222,130.0307628
757,1,-21.84545198,-0.023906432,87.33770416,159.8622724
758,1,299.6935057,-0.233136946,51.51732756,90.52726385
759,1,15.11078955,0.199514767,4.524831821,142.7362929
760,1,-107.7304877,0.469732038,20.15111784,100.7245815
761,1,247.20376,1.027225953,-24.62582094,90.11966473
762,1,40.21242553,0.9536385,76.90506234,134.0841011
763,1,205.8720743,-1.280269562,18.86665799,130.0954806
764,1,-80.33076294,0.098073442,25.87427654,10.04581255
765,1,-15.99400714,0.881215205,53.34526995,61.10110806
766,1,11.67864465,-1.030375348,114.0154654,85.50238586
767,1,29.11244096,0.323779128,123.7175724,150.77683
768,1,123.4764216,0.48349458,25.41686958,73.37420029
769,1,17.7039966,0.250458122,85.19221359,35.26705844
770,1,-232.5454619,0.889350762,16.62087765,7.515021719
771,1,37.30354348,-0.031266295,60.33348979,152.2261088
772,1,96.58675653,-0.079246868,46.88369532,136.7423336
773,1,-28.94259687,0.396930547,22.53451829,90.72760511
774,1,-137.2862687,0.039316908,37.38732365,37.16840258
775,1,93.50722027,1.022980246,26.21967681,168.6936426
776,1,-14.24676347,-0.394195585,-26.75451979,126.4723225
777,1,53.17267362,0.05805822,46.49132514,81.38088162
778,1,2.663859576,-0.704146268,-24.09148025,124.2880656
779,1,97.65629556,-0.136984614,91.57379219,39.45039142
780,1,117.1254891,-0.02758648,73.9838912,217.2439934
781,1,80.25792925,0.891264233,74.25492925,154.1757995
782,1,52.20803199,0.725744637,30.74306118,173.5833224
783,1,-62.1377562,0.775532034,99.34899827,77.21703732
784,1,81.49019554,-0.219957853,15.09158529,13.10889224
785,1,6.492031632,0.754350299,135.3637102,90.45198287
786,1,-60.73018774,-0.14734106,104.6950386,146.3600233
787,1,-192.7234093,0.118468131,39.55682754,91.9730701
788,1,-335.3419927,0.009455645,65.44923565,93.15000659
789,1,-110.8923258,-0.803197429,54.9045044,136.543883
790,1,212.2210625,-0.599673442,-19.83547371,61.71505208
791,1,-23.50996556,-0.269614591,25.23495467,37.29536234
792,1,-36.37341249,-0.289477536,143.6849729,-21.20274719
793,1,369.4560842,0.155608219,-5.095417763,198.0678108
794,1,-13.91558343,0.601090091,124.9009445,55.19682633
795,1,-221.7622832,-1.130021465,12.27397469,100.6812825
796,1,-61.08908221,0.717170767,122.0787877,245.8564588
797,1,323.6364617,0.928335072,78.98714856,126.4315541
798,1,173.2582505,-0.062204921,28.00633342,123.3021637
799,1,12.92683443,0.641245225,6.381144917,136.4137689
800,1,-4.849241238,-0.131090442,-29.96383791,137.9717805
801,1,241.4490061,1.124188075,21.00689382,189.0808248
802,1,204.4024686,-0.277864946,140.7085133,105.5016317
803,1,-112.7401388,-0.055719441,-22.95513526,65.03030993
804,1,-114.6460333,0.362551533,28.69887325,-20.99400718
805,1,426.7542712,-0.085650498,32.101452,48.94585786
806,1,-112.4183236,-1.138567161,61.32019893,101.1702065
807,1,22.96225926,-0.480369705,128.9275825,9.619441379
808,1,-18.24337323,0.336784968,83.91517307,71.39814123
809,1,-99.17471894,0.252343158,70.26648319,120.7922542
810,1,162.1639734,-0.030135236,24.02907902,148.6589751
811,1,16.68604729,-0.017016022,120.8334266,125.8022698
812,1,-124.5898485,0.25671894,72.1952693,140.8884746
813,1,-77.06385728,0.365750174,26.72453129,16.52730902
814,1,120.0405942,-0.28829583,90.38245256,155.0186199
815,1,70.06719732,-0.38093212,18.58318836,157.4997541
816,1,7.022619946,0.006948864,58.67336542,64.76927703
817,1,-26.87896109,-0.370725372,42.97115967,192.6894846
818,1,-18.70902115,0.070499741,28.66977101,63.97237611
819,1,74.02695926,-0.885279159,140.9714925,121.674032
820,1,21.93939747,0.003448956,71.61999878,162.9125913
821,1,-102.2435474,0.06830286,118.9812817,123.882712
822,1,105.898814,1.097802292,100.176075,139.8347775
823,1,-102.2337567,-1.431560904,12.14877076,133.1246821
824,1,38.76023617,0.733763457,111.5194115,137.2597585
825,1,-59.41646953,0.75292082,24.42502912,136.0886509
826,1,121.3982835,0.191371813,115.6646882,190.959531
827,1,105.6820685,-0.287832588,78.884148,98.63311471
828,1,128.598917,0.010212236,-20.41612417,79.25609348
829,1,-112.345782,-0.161284365,89.53516739,214.1737032
830,1,140.0790381,0.45822421,18.6550721,249.2908508
831,1,100.3458384,-0.08569294,72.5106144,66.56191463
832,1,-99.30473832,-0.327104238,40.92312224,32.68305467
833,1,-147.2816085,-0.105927839,86.76996979,52.3072318
834,1,68.38223944,-0.162276706,29.18737225,133.133939
835,1,1.966659347,0.293490528,95.1380795,94.38686737
836,1,-170.1600209,-0.260585586,23.41429375,140.5073667
837,1,346.13139,0.425127453,-4.396801392,218.9877033
838,1,60.85427349,-0.11366941,35.96994907,204.6499589
839,1,38.33077702,-0.065196412,75.61483302,77.2455946
840,1,-28.5390785,0.936707191,61.65025667,127.360805
841,1,12.69585489,-0.312706815,25.70762342,49.54240967
842,1,255.0329871,0.221842883,143.1411778,123.1311429
843,1,0.275802934,-0.65067405,26.10312409,117.8977805
844,1,-39.13057534,-0.250862525,36.17445289,37.13343153
845,1,-178.4032985,-0.138648626,32.81449882,169.1529876
846,1,-5.664532241,0.535069962,16.3255101,109.2922421
847,1,-18.56638245,-0.188088631,45.85330487,48.97063606
848,1,-39.24217864,-0.301313514,-24.47594511,42.45352676
849,1,68.83668159,-0.197053455,72.35038713,65.58915092
850,1,124.0471201,0.17280011,68.11174256,4.197135579
851,1,105.934411,0.879617217,112.1755344,170.4361096
852,1,47.69057325,0.410357853,61.63630103,190.2960158
853,1,-53.71823374,-0.40559496,35.87267959,60.0794846
854,1,108.1790835,-0.342449009,53.48136043,123.0273246
855,1,23.64736169,-0.303393011,60.98711425,94.42453715
856,1,-66.56953411,0.151788942,98.11444693,76.04379622
857,1,191.5060715,-0.364287753,-3.758885002,94.63777225
858,1,-18.65000196,-0.569490688,143.8494411,154.5353889
859,1,109.1115046,-0.205624922,10.99096823,139.1938913
860,1,104.9186876,0.143164108,-3.811600424,152.1967591
861,1,94.58973095,0.562550099,88.89318906,173.4869442
862,1,-8.710330991,0.738181362,8.057886198,79.4635215
863,1,47.95212467,1.190460459,118.7528774,180.1989285
864,1,-220.0311624,0.335421153,81.80090863,-6.599191777
865,1,321.4234013,0.25712089,28.08076516,256.1235716
866,1,-257.5798878,0.276820746,-6.833602784,133.1680877
867,1,-58.68674648,-0.743658668,-18.3608864,3.38023705
868,1,36.09095608,-0.736518214,44.87087887,18.13516806
869,1,126.1231951,0.85747599,26.99714997,183.2013768
870,1,5.022832823,-0.819722092,88.09876076,82.84588088
871,1,-5.151159117,-0.376904709,29.807767,12.21714996
872,1,66.17563613,0.409900545,49.00503173,74.57488022
873,1,203.9784762,0.243561908,100.2910709,203.2071846
874,1,34.0282459,1.327834083,11.01238619,92.80058228
875,1,139.8079389,0.157623362,46.80349929,161.5135822
876,1,155.1525473,0.738643467,93.2552553,63.15662902
877,1,-21.53078659,-0.535193793,112.8816673,181.2529165
878,1,-20.48897823,0.285774845,43.621459,196.4145933
879,1,190.7853881,0.255477425,49.05285404,77.18268459
880,1,-101.4274511,0.515861203,67.77161726,118.8908021
881,1,132.9448909,0.182748738,56.07666801,66.12074644
882,1,-116.5922744,0.770254999,131.8590493,172.4086655
883,1,29.83761769,0.816407769,57.1658066,166.1280671
884,1,29.42710578,-0.652162375,109.9892147,188.580599
885,1,-128.3046713,-1.041909003,54.47988428,54.96185356
886,1,-84.71248049,-0.410874624,104.0996345,117.137568
887,1,-354.79647,-0.444968843,-45.45605873,185.8604565
888,1,43.63292044,0.121549159,80.05746991,113.4087088
889,1,7.816107328,0.424150015,87.08101203,69.47677986
890,1,77.94705121,-0.957324338,-38.62850957,74.81793449
891,1,-177.7529844,0.299589024,-12.93924844,223.0657517
892,1,90.52546995,-0.186195674,70.73984253,132.0437217
893,1,75.26546104,0.434471412,128.0129961,148.0332829
894,1,-263.1120047,0.724483021,34.46135357,106.1178363
895,1,-22.90511488,-0.093035794,7.865189612,80.18077234
896,1,151.2870956,-0.014174761,9.832452736,99.39436194
897,1,99.5310221,0.826083016,52.13713559,23.28535676
898,1,91.54562675,0.878041993,78.39837786,160.6470971
899,1,179.0980559,-0.145804506,59.31156819,76.06541777
900,1,249.7534812,-0.756596308,-24.65334428,72.21030938
901,1,197.5151446,0.46379242,13.55764254,-5.680303101
902,1,50.70494171,0.272087614,139.3515114,130.742363
903,1,139.7985865,-0.149742748,-12.37068613,53.16095903
904,1,61.72101317,0.94171814,85.9781623,76.1327794
905,1,-48.89083378,-0.203424898,-25.25828639,72.44995165
906,1,113.6553632,0.433819056,73.37138902,65.29145916
907,1,94.13220914,0.13957523,176.2845204,226.23957
908,1,-41.91627523,0.215367981,115.1636492,95.19113721
909,1,92.45518877,-0.138009833,118.50062,59.83876738
910,1,155.6279124,0.590402384,158.3376943,125.7765422
911,1,-47.2686399,0.036922077,146.9911851,75.40880918
912,1,66.87875441,0.262317173,61.14784424,189.9648093
913,1,-119.4495833,0.001218695,90.49446402,46.69616128
914,1,80.42700996,0.735717317,47.58616911,205.7766771
915,1,66.65589284,1.481271059,67.69272762,85.86401832
916,1,-79.32576132,0.051197415,38.55354283,84.49121294
917,1,216.411356,0.050949084,12.90731472,154.13069
918,1,148.806241,1.041643314,55.85966839,255.2377702
919,1,199.2097595,1.448507532,36.18627103,38.65283841
920,1,144.8625612,0.105075249,27.59101013,95.96015621
921,1,232.5463333,-0.243786891,26.50116417,136.0049402
922,1,-17.63941841,1.440711109,147.2884451,193.1348397
923,1,117.5623531,0.524534758,88.48519764,126.2776486
924,1,-6.811348054,-0.782405625,125.2850741,71.7669127
925,1,111.5263745,0.166505117,178.2652932,88.14517883
926,1,148.6384879,0.265058958,122.8780017,120.8595906
927,1,157.2744054,0.163283787,92.34076167,125.764152
928,1,157.4661205,-0.951252469,-36.08501589,-49.18357434
929,1,322.5710737,0.621574801,-41.65404804,221.5822954
930,1,70.69536367,-0.367646094,108.3103954,116.946292
931,1,119.8461441,0.075864222,22.27261913,147.2882716
932,1,55.05158156,0.27612155,30.05045513,221.2053188
933,1,118.2029636,0.306919988,39.82938464,91.88598118
934,1,-202.5095605,0.555603639,122.8283928,17.41240113
935,1,130.7109452,-0.368393964,57.52816982,100.6348298
936,1,144.3012179,0.48446975,14.20728183,212.5613318
937,1,-144.6518606,-0.699041806,73.48614399,89.914572
938,1,-78.79548344,-0.306371705,98.98573085,207.3897043
939,1,62.01065894,0.00390435,63.55616249,64.76723855
940,1,148.4307414,-0.27776649,65.77331333,47.8451416
941,1,-17.78753207,0.266539304,101.1993492,201.0820538
942,1,-8.411572053,-0.405782562,-8.49053213,105.5963507
943,1,90.90574869,0.439690506,71.04898497,152.0223219
944,1,-68.5480646,-0.29563169,55.556405,192.9642964
945,1,-59.2681319,1.119236306,62.31261333,97.84289457
946,1,263.6299192,0.691161844,-0.518631311,100.369359
947,1,23.04661071,0.108114084,85.23479886,140.2505545
948,1,-77.119203,0.523256366,62.84820177,152.2337737
949,1,147.5514455,1.261644851,191.0344173,115.7066448
950,1,125.8980761,0.689739671,77.11503791,206.3048827
951,1,-170.5845625,0.164556266,92.14472433,112.3156523
952,1,247.6841575,-0.21779705,138.0645264,145.7721749
953,1,-79.55099751,0.0906627,52.10155888,108.8802509
954,1,26.0463618,0.073342839,82.44601133,116.8412326
955,1,166.8805612,-0.839036201,-19.0620254,101.7929281
956,1,287.3465529,-0.519511085,-35.94511324,43.15248887
957,1,48.67636897,-0.175100721,15.76087981,46.06237146
958,1,65.69369747,-0.037177979,101.5477549,197.6543754
959,1,-287.7912084,0.470745111,-34.5682975,76.54795844
960,1,122.7773726,0.496428729,37.8151771,145.5924297
961,1,-100.8853964,0.25984986,86.16469985,27.79612942
962,1,-0.688083042,0.448476549,52.61081954,109.5982365
963,1,-39.61081638,0.306886752,109.4100476,181.3229298
964,1,24.45666922,-0.004337967,39.62628776,88.21494103
965,1,-159.431717,-0.919946076,10.67205154,109.4259646
966,1,214.2721777,-0.32063292,92.85928609,114.6356377
967,1,143.3873546,-0.144701302,32.65814716,85.94305944
968,1,65.62044708,0.593164014,42.89892718,140.0779004
969,1,-96.18828625,0.65352515,10.52730741,74.38534139
970,1,184.2397061,0.235809207,-9.526086694,57.46891899
971,1,134.6184985,0.425596678,164.8090467,144.1305019
972,1,140.375832,0.44331189,96.42012806,99.40438653
973,1,2.064544225,0.880990878,35.90443423,84.52514673
974,1,-31.79981293,0.734274411,21.84358357,76.9468029
975,1,-48.38005504,0.144273647,-9.27646343,58.87568022
976,1,-45.25220125,-0.016905063,-14.71353941,90.7965776
977,1,32.16990415,0.397759633,79.05066324,120.8588868
978,1,68.7878909,-0.220158074,122.9000425,114.7820628
979,1,199.1640728,-0.398483149,97.34696996,63.83396824
980,1,148.8456168,-0.248584249,81.03403818,122.5766727
981,1,-39.13335812,0.091498552,82.98659607,110.2347391
982,1,101.8070861,-1.378699471,104.6865247,133.7722348
983,1,-31.07897256,0.120883659,39.85161122,77.74119822
984,1,146.7398631,0.061144749,-38.82541249,154.1595398
985,1,385.4967384,0.613645757,70.57795441,113.9659782
986,1,-44.6044806,-0.459576296,120.1916929,129.3326843
987,1,-169.3426944,-0.047844278,44.37743643,155.7318066
988,1,-11.05885972,-0.578043443,2.412445381,162.2681952
989,1,-86.07997361,0.402409497,84.03999512,100.4979265
990,1,59.01617335,0.203839723,99.12972517,169.5348968
991,1,215.9166466,0.205019865,51.26297705,246.8279622
992,1,93.02982167,0.484306157,28.13356123,109.8755065
993,1,53.55417277,0.160523219,51.73673814,251.8021467
994,1,-183.0533212,-0.49287304,71.07193779,42.59470395
995,1,193.8415346,-0.552444591,53.50412268,53.87171639
996,1,125.9175681,-0.882026015,88.45450349,163.8856673
997,1,-17.69877684,1.146493739,49.09265433,30.31713283
998,1,142.5676222,0.871233516,180.6907966,268.8611416
999,1,-82.91098757,-0.289203033,114.8180371,50.18618171
1000,1,233.5312518,0.819043712,144.8656257,213.5826312